pmax,rtc_mean,rtc_std,stc_mean,stc_std
10,1351.0,106.48317550987417,1.0,0.0
15,3420.6666666666665,978.9492098957716,1.0,0.0
20,6667.333333333333,447.852902438091,1.0,0.0
