pmax,rtc_mean,rtc_std,stc_mean,stc_std
10,0.0,0.0,0.0,0.0
15,0.0,0.0,0.0,0.0
20,2558.3333333333335,360.4740705731212,0.0,0.0
