pmax,rtc_mean,rtc_std,stc_mean,stc_std
10,1646.8,513.6938387794816,1.0,0.0
15,3517.2,842.4194679611815,1.0,0.0
20,7503.0,820.5364099173174,1.0,0.0
