n_cells_i,rtc_mean,rtc_std,stc_mean,stc_std,immune_mean,immune_std
5,0.0,0.0,0.0,0.0,573.3333333333334,423.122782285342
10,0.0,0.0,0.0,0.0,604.3333333333334,517.740175077122
20,0.0,0.0,0.0,0.0,397.0,218.9931505778206
