pmax,rtc_mean,rtc_std,stc_mean,stc_std
5,55776.333333333336,19646.784136058726,1271.6666666666667,449.13645538472554
10,14160.0,4925.532323177533,20.0,6.683312551921141
15,3376.3333333333335,155.7291095317621,2.0,0.0
20,7500.0,416.12578226621173,1.3333333333333333,0.4714045207910317
